name,file_extension,CREATION_DATETIME,file_size,category_name
"flat,800x800,075,f.u2",jpg,2021-07-05 13:12:06,92415,3 images
bruce-mars-8YG31Xn4dSw-unsplash,jpg,2021-07-05 13:13:12,139030,3 images
julia-solonina-1331853-unsplash,jpg,2021-07-05 13:15:06,547036,3 images
israel-sundseth-djWfjBv3jTc-unsplash,jpg,2021-07-05 13:14:33,279144,3 images
nourdine-diouane-225316-unsplash,jpg,2021-07-05 13:15:05,702149,3 images
everton-vila-AsahNlC0VhQ-unsplash,jpg,2021-07-05 13:14:24,153317,3 images
wellesley-yan-1332910-unsplash,jpg,2021-07-05 13:16:24,610742,3 images
mat-reding-1276669-unsplash,jpg,2021-07-05 13:14:31,266945,3 images
luiz-guimaraes-1278285-unsplash,jpg,2021-07-05 13:16:27,568027,3 images
will-suddreth-1327141-unsplash,jpg,2021-07-05 13:13:42,289484,3 images
lerone-pieters-1336293-unsplash,jpg,2021-07-05 13:14:56,397351,3 images
john-schnobrich-520023-unsplash,jpg,2021-07-05 13:16:13,367308,3 images
darcey-beau-1278354-unsplash,jpg,2021-07-05 13:16:06,708257,3 images
michael-humphries-786327-unsplash,jpg,2021-07-05 13:14:32,497132,3 images
timothy-tan-1278283-unsplash,jpg,2021-07-05 13:15:06,695145,3 images
backgroundA-hd,jpg,2021-07-05 13:16:29,556730,3 images
backgroundB-hd,jpg,2021-07-05 13:16:26,222129,3 images
matej-kemr-1332474-unsplash,jpg,2021-07-05 13:14:32,397494,3 images
formations,jpg,2021-07-05 13:14:47,290152,3 images
stian-vesterinen-1336765-unsplash,jpg,2021-07-05 13:14:55,729148,3 images
andy-holmes-1331088-unsplash,jpg,2021-07-05 13:14:51,383510,3 images
katie-moum-1296754-unsplash,jpg,2021-07-05 13:14:56,263744,3 images
joshua-fuller-625456-unsplash,jpg,2021-07-05 13:14:33,61752,3 images
clay-banks-1336458-unsplash,jpg,2021-07-05 13:12:12,163903,3 images
sunyu-kim-769697-unsplash,jpg,2021-07-05 13:16:23,376764,3 images
will-suddreth-1327141-unsplash,jpg,2021-09-30 16:41:52,289484,3 images
max-langelott-wWQ760meyWI-unsplash,jpg,2021-07-06 12:53:32,469085,3 images
bruce-mars-8YG31Xn4dSw-unsplash,jpg,2021-07-06 13:24:35,139030,3 images
bruce-mars-8YG31Xn4dSw-unsplash,jpg,2021-07-05 12:54:40,139030,3 images
andy-holmes-1331088-unsplash,jpg,2021-07-05 12:56:27,383510,3 images
"flat,800x800,075,f.u2",jpg,2021-07-05 12:54:30,92415,3 images
katie-moum-1296754-unsplash,jpg,2021-07-05 12:56:24,263744,3 images
clay-banks-1336458-unsplash,jpg,2021-07-05 12:54:36,163903,3 images
marissa-lewis-1277871-unsplash,jpg,2021-07-05 12:56:26,412009,3 images
sunyu-kim-769697-unsplash,jpg,2021-07-05 12:57:29,376764,3 images
israel-sundseth-djWfjBv3jTc-unsplash,jpg,2021-07-05 12:56:02,279144,3 images
julia-solonina-1331853-unsplash,jpg,2021-07-05 12:56:30,547036,3 images
everton-vila-AsahNlC0VhQ-unsplash,jpg,2021-07-05 12:55:58,153317,3 images
joshua-fuller-625456-unsplash,jpg,2021-07-05 12:56:08,61752,3 images
mat-reding-1276669-unsplash,jpg,2021-07-05 12:56:01,266945,3 images
lerone-pieters-1336293-unsplash,jpg,2021-07-05 12:56:23,397351,3 images
will-suddreth-1327141-unsplash,jpg,2021-07-05 12:54:40,289484,3 images
nourdine-diouane-225316-unsplash,jpg,2021-07-05 12:56:28,702149,3 images
john-schnobrich-520023-unsplash,jpg,2021-07-05 12:57:20,367308,3 images
timothy-tan-1278283-unsplash,jpg,2021-07-05 12:56:25,695145,3 images
michael-humphries-786327-unsplash,jpg,2021-07-05 12:56:06,497132,3 images
christopher-rusev-1326326-unsplash,jpg,2021-07-05 12:56:28,385189,3 images
samuel-zeller-VK284NKoAVU-unsplash,jpg,2021-07-05 12:56:11,201994,3 images
darcey-beau-1278354-unsplash,jpg,2021-07-05 12:57:12,708257,3 images
backgroundA-hd,jpg,2021-07-05 12:57:27,556730,3 images
wellesley-yan-1332910-unsplash,jpg,2021-07-05 12:57:30,610742,3 images
backgroundB-hd,jpg,2021-07-05 12:57:33,222129,3 images
luiz-guimaraes-1278285-unsplash,jpg,2021-07-05 12:57:33,568027,3 images
stian-vesterinen-1336765-unsplash,jpg,2021-07-05 12:56:21,729148,3 images
matej-kemr-1332474-unsplash,jpg,2021-07-05 12:56:09,397494,3 images
formations,jpg,2021-07-05 12:56:25,290152,3 images
julia-solonina-1331853-unsplash,jpg,2020-07-20 14:06:14,551463,Administration
EHPAD-EMERA-ACUEIL-LA MAISONNEE LE CAP BLANC- AURILLAC,jpg,2019-09-02 08:45:53,128360,All - Thumb
exemple-de-projet-d-animation-en-ehpad-dans-exemple-d-animation-en-ehpad-awesome-activite-manuelle-pour-personne-of-exemple-de-projet-d-animation-en-ehpad,jpg,2019-09-02 08:46:17,438291,All - Thumb
michael-humphries-786327-unsplash,jpg,2021-09-24 11:53:18,497132,All - Thumb
samuel-zeller-VK284NKoAVU-unsplash,jpg,2021-09-24 11:53:16,201994,All - Thumb
stian-vesterinen-1336765-unsplash,jpg,2021-09-24 11:53:41,729148,All - Thumb
sunyu-kim-769697-unsplash,jpg,2021-09-24 11:54:47,376764,All - Thumb
wellesley-yan-1332910-unsplash,jpg,2021-09-24 11:54:50,610742,All - Thumb
max-langelott-wWQ760meyWI-unsplash,jpg,2021-09-24 11:53:47,469085,All - Thumb
timothy-tan-1278283-unsplash,jpg,2021-09-24 11:53:46,695145,All - Thumb
nourdine-diouane-225316-unsplash,jpg,2021-09-24 11:53:42,702149,All - Thumb
testc,jpg,2020-10-22 10:51:07,375184,All - Thumb
julia-solonina-1331853-unsplash,jpg,2020-07-20 14:06:14,551463,All - Thumb
testd,jpg,2020-10-22 12:37:16,375184,All - Thumb
julia-solonina-1331853-unsplash,jpg,2020-12-03 13:08:43,547036,All - Thumb
paulmayweather.0,jpg,2021-06-07 14:19:50,378001,Casse geule
bruce-mars-8YG31Xn4dSw-unsplash,jpg,2021-07-06 12:37:43,139030,CATEGORY_MQ
max-langelott-wWQ760meyWI-unsplash,jpg,2021-07-06 12:38:38,469085,CATEGORY_MQ
mat-reding-1276669-unsplash,jpg,2021-07-08 08:32:30,266945,CATEGORY_MQ
john-schnobrich-520023-unsplash,jpg,2021-07-08 08:33:53,367308,CATEGORY_MQ
stian-vesterinen-1336765-unsplash,jpg,2021-07-08 08:32:51,729148,CATEGORY_MQ
christopher-rusev-1326326-unsplash,jpg,2021-07-08 08:32:35,385189,CATEGORY_MQ
luiz-guimaraes-1278285-unsplash,jpg,2021-07-08 08:34:07,568027,CATEGORY_MQ
nourdine-diouane-225316-unsplash,jpg,2021-07-08 08:32:40,702149,CATEGORY_MQ
lerone-pieters-1336293-unsplash,jpg,2021-07-08 08:32:43,397351,CATEGORY_MQ
darcey-beau-1278354-unsplash,jpg,2021-07-08 08:33:58,708257,CATEGORY_MQ
timothy-tan-1278283-unsplash,jpg,2021-07-08 08:32:51,695145,CATEGORY_MQ
33703352538_2c939038e9_o,jpg,2021-07-08 08:32:33,298123,CATEGORY_MQ
wellesley-yan-1332910-unsplash,jpg,2021-07-08 08:34:04,610742,CATEGORY_MQ
bruce-mars-8YG31Xn4dSw-unsplash,jpg,2021-07-08 08:41:27,139030,CATEGORY_MQ
formations,jpg,2021-07-08 08:32:47,290152,CATEGORY_MQ
"flat,800x800,075,f.u2",jpg,2021-07-08 08:39:32,92415,CATEGORY_MQ
clay-banks-1336458-unsplash,jpg,2021-07-08 08:41:20,163903,CATEGORY_MQ
everton-vila-AsahNlC0VhQ-unsplash,jpg,2021-07-08 08:41:44,153317,CATEGORY_MQ
mat-reding-1276669-unsplash,jpg,2021-07-08 08:41:41,266945,CATEGORY_MQ
will-suddreth-1327141-unsplash,jpg,2021-07-08 08:41:29,289484,CATEGORY_MQ
michael-humphries-786327-unsplash,jpg,2021-07-08 08:42:00,497132,CATEGORY_MQ
stian-vesterinen-1336765-unsplash,jpg,2021-07-08 08:42:12,729148,CATEGORY_MQ
julia-solonina-1331853-unsplash,jpg,2021-07-08 08:42:20,547036,CATEGORY_MQ
marissa-lewis-1277871-unsplash,jpg,2021-07-08 08:42:10,412009,CATEGORY_MQ
katie-moum-1296754-unsplash,jpg,2021-07-08 08:42:08,263744,CATEGORY_MQ
samuel-zeller-VK284NKoAVU-unsplash,jpg,2021-07-08 08:41:57,201994,CATEGORY_MQ
andy-holmes-1331088-unsplash,jpg,2021-07-08 08:42:17,383510,CATEGORY_MQ
matej-kemr-1332474-unsplash,jpg,2021-07-08 08:41:59,397494,CATEGORY_MQ
joshua-fuller-625456-unsplash,jpg,2021-07-08 08:41:43,61752,CATEGORY_MQ
israel-sundseth-djWfjBv3jTc-unsplash,jpg,2021-07-08 08:41:49,279144,CATEGORY_MQ
formations,jpg,2021-07-08 08:42:18,290152,CATEGORY_MQ
clay-banks-1336458-unsplash,jpg,2020-12-07 15:32:56,163903,Diapo
matej-kemr-1332474-unsplash,jpg,2020-12-07 15:35:42,397494,Diapo
mat-reding-1276669-unsplash,jpg,2020-12-07 15:49:33,266945,Diapo
everton-vila-AsahNlC0VhQ-unsplash,jpg,2020-12-07 15:52:25,153317,Diapo
33703352538_2c939038e9_o,jpg,2020-12-07 15:54:39,298123,Diapo
samuel-zeller-VK284NKoAVU-unsplash,jpg,2020-12-07 15:58:37,201994,Diapo
max-langelott-wWQ760meyWI-unsplash,jpg,2020-12-07 16:43:17,469085,Diapo
darcey-beau-1278354-unsplash,jpg,2020-12-07 15:50:04,708257,Diapo
1000x500,jpg,2020-11-30 14:42:46,284892,Diapo - Antoine
1000x482,jpg,2020-11-30 14:42:44,171898,Diapo - Antoine
1136x704,jpg,2020-11-30 14:42:44,135962,Diapo - Antoine
flame-4693866_640,jpg,2020-11-30 14:51:20,301640,Diapo - Antoine
1000x500,jpg,2020-11-30 14:42:46,284892,Diapo_antoine
1000x482,jpg,2020-11-30 14:42:44,171898,Diapo_antoine
1136x704,jpg,2020-11-30 14:42:44,135962,Diapo_antoine
flame-4693866_640,jpg,2020-11-30 14:51:20,301640,Diapo_antoine
testd,jpg,2020-10-22 12:37:16,375184,DossierTest
1chouette,jpg,2020-10-02 09:32:54,347012,Ho
bruce-mars-8YG31Xn4dSw-unsplash,jpg,2021-07-05 12:17:29,139030,Ho
israel-sundseth-djWfjBv3jTc-unsplash,jpg,2021-07-05 12:17:40,279144,Ho
everton-vila-AsahNlC0VhQ-unsplash,jpg,2021-07-05 12:17:35,153317,Ho
wellesley-yan-1332910-unsplash,jpg,2021-07-05 12:18:56,610742,Ho
clay-banks-1336458-unsplash,jpg,2021-07-05 12:17:26,163903,Ho
luiz-guimaraes-1278285-unsplash,jpg,2021-07-05 12:19:02,568027,Ho
lerone-pieters-1336293-unsplash,jpg,2021-07-05 12:17:52,397351,Ho
mat-reding-1276669-unsplash,jpg,2021-07-05 12:17:39,266945,Ho
nourdine-diouane-225316-unsplash,jpg,2021-07-05 12:18:02,702149,Ho
will-suddreth-1327141-unsplash,jpg,2021-07-05 12:17:22,289484,Ho
timothy-tan-1278283-unsplash,jpg,2021-07-05 12:18:05,695145,Ho
john-schnobrich-520023-unsplash,jpg,2021-07-05 12:18:52,367308,Ho
darcey-beau-1278354-unsplash,jpg,2021-07-05 12:18:39,708257,Ho
michael-humphries-786327-unsplash,jpg,2021-07-05 12:17:45,497132,Ho
33703352538_2c939038e9_o,jpg,2021-07-05 12:17:51,298123,Ho
backgroundA-hd,jpg,2021-07-05 12:18:52,556730,Ho
backgroundB-hd,jpg,2021-07-05 12:19:04,222129,Ho
matej-kemr-1332474-unsplash,jpg,2021-07-05 12:17:40,397494,Ho
katie-moum-1296754-unsplash,jpg,2021-07-05 12:17:52,263744,Ho
andy-holmes-1331088-unsplash,jpg,2021-07-05 12:17:53,383510,Ho
stian-vesterinen-1336765-unsplash,jpg,2021-07-05 12:18:03,729148,Ho
sunyu-kim-769697-unsplash,jpg,2021-07-05 12:19:02,376764,Ho
marissa-lewis-1277871-unsplash,jpg,2021-07-05 12:17:53,412009,Ho
"flat,800x800,075,f.u2",jpg,2021-07-05 12:14:46,92415,Ho
julia-solonina-1331853-unsplash,jpg,2021-07-05 12:18:07,547036,Ho
"flat,800x800,075,f.u2",jpg,2021-07-05 12:42:20,92415,Ho
bruce-mars-8YG31Xn4dSw-unsplash,jpg,2021-07-08 10:10:58,139030,Ho
"flat,800x800,075,f.u2",jpg,2021-07-08 10:10:48,92415,Ho
bruce-mars-8YG31Xn4dSw-unsplash,jpg,2021-07-05 12:43:04,139030,Ho
clay-banks-1336458-unsplash,jpg,2021-07-08 10:10:57,163903,Ho
clay-banks-1336458-unsplash,jpg,2021-07-05 12:42:59,163903,Ho
israel-sundseth-djWfjBv3jTc-unsplash,jpg,2021-07-08 10:11:17,279144,Ho
israel-sundseth-djWfjBv3jTc-unsplash,jpg,2021-07-05 12:43:20,279144,Ho
mat-reding-1276669-unsplash,jpg,2021-07-08 10:11:14,266945,Ho
mat-reding-1276669-unsplash,jpg,2021-07-05 12:43:20,266945,Ho
everton-vila-AsahNlC0VhQ-unsplash,jpg,2021-07-08 10:11:15,153317,Ho
everton-vila-AsahNlC0VhQ-unsplash,jpg,2021-07-05 12:43:12,153317,Ho
will-suddreth-1327141-unsplash,jpg,2021-07-08 10:11:03,289484,Ho
john-schnobrich-520023-unsplash,jpg,2021-07-05 12:44:37,367308,Ho
john-schnobrich-520023-unsplash,jpg,2021-07-08 10:12:21,367308,Ho
will-suddreth-1327141-unsplash,jpg,2021-07-05 12:43:04,289484,Ho
michael-humphries-786327-unsplash,jpg,2021-07-08 10:11:22,497132,Ho
michael-humphries-786327-unsplash,jpg,2021-07-05 12:43:24,497132,Ho
backgroundA-hd,jpg,2021-07-08 10:12:42,556730,Ho
backgroundA-hd,jpg,2021-07-05 12:44:50,556730,Ho
samuel-zeller-VK284NKoAVU-unsplash,jpg,2021-07-08 10:11:28,201994,Ho
andy-holmes-1331088-unsplash,jpg,2021-07-05 12:43:33,383510,Ho
timothy-tan-1278283-unsplash,jpg,2021-07-05 12:43:49,695145,Ho
backgroundB-hd,jpg,2021-07-08 10:12:42,222129,Ho
nourdine-diouane-225316-unsplash,jpg,2021-07-08 10:11:44,702149,Ho
samuel-zeller-VK284NKoAVU-unsplash,jpg,2021-07-05 12:43:31,201994,Ho
darcey-beau-1278354-unsplash,jpg,2021-07-05 12:44:33,708257,Ho
andy-holmes-1331088-unsplash,jpg,2021-07-08 10:11:30,383510,Ho
33703352538_2c939038e9_o,jpg,2021-07-08 10:11:37,298123,Ho
formations,jpg,2021-07-05 12:43:46,290152,Ho
marissa-lewis-1277871-unsplash,jpg,2021-07-08 10:11:36,412009,Ho
marissa-lewis-1277871-unsplash,jpg,2021-07-05 12:43:37,412009,Ho
katie-moum-1296754-unsplash,jpg,2021-07-08 10:11:29,263744,Ho
stian-vesterinen-1336765-unsplash,jpg,2021-07-05 12:43:35,729148,Ho
formations,jpg,2021-07-08 10:11:42,290152,Ho
luiz-guimaraes-1278285-unsplash,jpg,2021-07-05 12:44:53,568027,Ho
stian-vesterinen-1336765-unsplash,jpg,2021-07-08 10:11:41,729148,Ho
backgroundB-hd,jpg,2021-07-05 12:44:52,222129,Ho
sunyu-kim-769697-unsplash,jpg,2021-07-08 10:12:38,376764,Ho
julia-solonina-1331853-unsplash,jpg,2021-07-05 12:43:54,547036,Ho
max-langelott-wWQ760meyWI-unsplash,jpg,2021-07-08 10:11:42,469085,Ho
wellesley-yan-1332910-unsplash,jpg,2021-07-05 12:44:45,610742,Ho
christopher-rusev-1326326-unsplash,jpg,2021-07-08 10:11:31,385189,Ho
joshua-fuller-625456-unsplash,jpg,2021-07-05 12:43:30,61752,Ho
julia-solonina-1331853-unsplash,jpg,2021-07-08 10:11:44,547036,Ho
sunyu-kim-769697-unsplash,jpg,2021-07-05 12:44:48,376764,Ho
lerone-pieters-1336293-unsplash,jpg,2021-07-08 10:11:32,397351,Ho
katie-moum-1296754-unsplash,jpg,2021-07-05 12:43:43,263744,Ho
wellesley-yan-1332910-unsplash,jpg,2021-07-08 10:12:33,610742,Ho
lerone-pieters-1336293-unsplash,jpg,2021-07-05 12:43:41,397351,Ho
timothy-tan-1278283-unsplash,jpg,2021-07-08 10:11:42,695145,Ho
christopher-rusev-1326326-unsplash,jpg,2021-07-05 12:43:41,385189,Ho
joshua-fuller-625456-unsplash,jpg,2021-07-08 10:11:17,61752,Ho
nourdine-diouane-225316-unsplash,jpg,2021-07-05 12:43:49,702149,Ho
luiz-guimaraes-1278285-unsplash,jpg,2021-07-08 10:12:45,568027,Ho
matej-kemr-1332474-unsplash,jpg,2021-07-05 12:43:28,397494,Ho
33703352538_2c939038e9_o,jpg,2021-07-05 12:43:43,298123,Ho
matej-kemr-1332474-unsplash,jpg,2021-07-08 10:11:13,397494,Ho
darcey-beau-1278354-unsplash,jpg,2021-07-08 10:12:24,708257,Ho
lerone-pieters-1336293-unsplash,jpg,2019-03-07 11:14:35,397351,Images
"flat,800x800,075,f.u2",jpg,2021-07-05 13:39:46,92415,Internationnal
bruce-mars-8YG31Xn4dSw-unsplash,jpg,2021-07-05 13:40:03,139030,Internationnal
clay-banks-1336458-unsplash,jpg,2021-07-05 13:39:59,163903,Internationnal
mat-reding-1276669-unsplash,jpg,2021-07-05 13:40:09,266945,Internationnal
everton-vila-AsahNlC0VhQ-unsplash,jpg,2021-07-05 13:40:10,153317,Internationnal
israel-sundseth-djWfjBv3jTc-unsplash,jpg,2021-07-05 13:40:23,279144,Internationnal
john-schnobrich-520023-unsplash,jpg,2021-07-05 13:41:42,367308,Internationnal
christopher-rusev-1326326-unsplash,jpg,2021-07-05 13:40:38,385189,Internationnal
backgroundA-hd,jpg,2021-07-05 13:41:48,556730,Internationnal
wellesley-yan-1332910-unsplash,jpg,2021-07-05 13:41:38,610742,Internationnal
michael-humphries-786327-unsplash,jpg,2021-07-05 13:40:24,497132,Internationnal
nourdine-diouane-225316-unsplash,jpg,2021-07-05 13:40:38,702149,Internationnal
samuel-zeller-VK284NKoAVU-unsplash,jpg,2021-07-05 13:40:25,201994,Internationnal
timothy-tan-1278283-unsplash,jpg,2021-07-05 13:40:44,695145,Internationnal
formations,jpg,2021-07-05 13:40:39,290152,Internationnal
darcey-beau-1278354-unsplash,jpg,2021-07-05 13:41:36,708257,Internationnal
sunyu-kim-769697-unsplash,jpg,2021-07-05 13:41:43,376764,Internationnal
lerone-pieters-1336293-unsplash,jpg,2021-07-05 13:40:37,397351,Internationnal
matej-kemr-1332474-unsplash,jpg,2021-07-05 13:40:19,397494,Internationnal
33703352538_2c939038e9_o,jpg,2021-07-05 13:40:33,298123,Internationnal
backgroundB-hd,jpg,2021-07-05 13:41:52,222129,Internationnal
stian-vesterinen-1336765-unsplash,jpg,2021-07-05 13:40:46,729148,Internationnal
andy-holmes-1331088-unsplash,jpg,2021-07-05 13:40:41,383510,Internationnal
julia-solonina-1331853-unsplash,jpg,2021-07-05 13:40:45,547036,Internationnal
katie-moum-1296754-unsplash,jpg,2021-07-05 13:40:30,263744,Internationnal
max-langelott-wWQ760meyWI-unsplash,jpg,2021-07-05 13:40:45,469085,Internationnal
luiz-guimaraes-1278285-unsplash,jpg,2021-07-05 13:41:51,568027,Internationnal
marissa-lewis-1277871-unsplash,jpg,2021-07-05 13:40:37,412009,Internationnal
will-suddreth-1327141-unsplash,jpg,2021-07-05 13:40:03,289484,Internationnal
joshua-fuller-625456-unsplash,jpg,2021-07-05 13:40:13,61752,Internationnal
bruce-mars-8YG31Xn4dSw-unsplash,jpg,2021-07-05 15:45:33,139030,Konoha Konoha Konoha Kohano
"flat,800x800,075,f.u2",jpg,2021-07-05 15:45:17,92415,Konoha Konoha Konoha Kohano
clay-banks-1336458-unsplash,jpg,2021-07-05 15:45:19,163903,Konoha Konoha Konoha Kohano
israel-sundseth-djWfjBv3jTc-unsplash,jpg,2021-07-05 15:45:34,279144,Konoha Konoha Konoha Kohano
everton-vila-AsahNlC0VhQ-unsplash,jpg,2021-07-05 15:45:48,153317,Konoha Konoha Konoha Kohano
mat-reding-1276669-unsplash,jpg,2021-07-05 15:45:45,266945,Konoha Konoha Konoha Kohano
michael-humphries-786327-unsplash,jpg,2021-07-05 15:45:43,497132,Konoha Konoha Konoha Kohano
luiz-guimaraes-1278285-unsplash,jpg,2021-07-05 15:47:11,568027,Konoha Konoha Konoha Kohano
john-schnobrich-520023-unsplash,jpg,2021-07-05 15:46:56,367308,Konoha Konoha Konoha Kohano
max-langelott-wWQ760meyWI-unsplash,jpg,2021-07-05 15:46:11,469085,Konoha Konoha Konoha Kohano
samuel-zeller-VK284NKoAVU-unsplash,jpg,2021-07-05 15:45:59,201994,Konoha Konoha Konoha Kohano
nourdine-diouane-225316-unsplash,jpg,2021-07-05 15:46:04,702149,Konoha Konoha Konoha Kohano
formations,jpg,2021-07-05 15:46:00,290152,Konoha Konoha Konoha Kohano
timothy-tan-1278283-unsplash,jpg,2021-07-05 15:46:12,695145,Konoha Konoha Konoha Kohano
backgroundA-hd,jpg,2021-07-05 15:47:11,556730,Konoha Konoha Konoha Kohano
darcey-beau-1278354-unsplash,jpg,2021-07-05 15:46:54,708257,Konoha Konoha Konoha Kohano
matej-kemr-1332474-unsplash,jpg,2021-07-05 15:45:46,397494,Konoha Konoha Konoha Kohano
33703352538_2c939038e9_o,jpg,2021-07-05 15:45:49,298123,Konoha Konoha Konoha Kohano
katie-moum-1296754-unsplash,jpg,2021-07-05 15:45:59,263744,Konoha Konoha Konoha Kohano
lerone-pieters-1336293-unsplash,jpg,2021-07-05 15:46:00,397351,Konoha Konoha Konoha Kohano
andy-holmes-1331088-unsplash,jpg,2021-07-05 15:45:54,383510,Konoha Konoha Konoha Kohano
stian-vesterinen-1336765-unsplash,jpg,2021-07-05 15:46:11,729148,Konoha Konoha Konoha Kohano
sunyu-kim-769697-unsplash,jpg,2021-07-05 15:47:06,376764,Konoha Konoha Konoha Kohano
backgroundB-hd,jpg,2021-07-05 15:47:10,222129,Konoha Konoha Konoha Kohano
marissa-lewis-1277871-unsplash,jpg,2021-07-05 15:45:58,412009,Konoha Konoha Konoha Kohano
joshua-fuller-625456-unsplash,jpg,2021-07-05 15:45:48,61752,Konoha Konoha Konoha Kohano
wellesley-yan-1332910-unsplash,jpg,2021-07-05 15:47:02,610742,Konoha Konoha Konoha Kohano
julia-solonina-1331853-unsplash,jpg,2021-07-05 15:46:13,547036,Konoha Konoha Konoha Kohano
will-suddreth-1327141-unsplash,jpg,2021-07-05 15:45:27,289484,Konoha Konoha Konoha Kohano
christopher-rusev-1326326-unsplash,jpg,2021-07-05 15:46:02,385189,Konoha Konoha Konoha Kohano
clay-banks-1336458-unsplash,jpg,2021-07-08 09:13:44,163903,Konoha Konoha Konoha Kohano
israel-sundseth-djWfjBv3jTc-unsplash,jpg,2021-07-08 09:14:00,279144,Konoha Konoha Konoha Kohano
everton-vila-AsahNlC0VhQ-unsplash,jpg,2021-07-08 09:13:59,153317,Konoha Konoha Konoha Kohano
mat-reding-1276669-unsplash,jpg,2021-07-08 09:14:04,266945,Konoha Konoha Konoha Kohano
will-suddreth-1327141-unsplash,jpg,2021-07-08 09:13:41,289484,Konoha Konoha Konoha Kohano
john-schnobrich-520023-unsplash,jpg,2021-07-08 09:16:05,367308,Konoha Konoha Konoha Kohano
michael-humphries-786327-unsplash,jpg,2021-07-08 09:14:02,497132,Konoha Konoha Konoha Kohano
backgroundA-hd,jpg,2021-07-08 09:16:46,556730,Konoha Konoha Konoha Kohano
matej-kemr-1332474-unsplash,jpg,2021-07-08 09:14:12,397494,Konoha Konoha Konoha Kohano
samuel-zeller-VK284NKoAVU-unsplash,jpg,2021-07-08 09:14:13,201994,Konoha Konoha Konoha Kohano
backgroundB-hd,jpg,2021-07-08 09:16:39,222129,Konoha Konoha Konoha Kohano
formations,jpg,2021-07-08 09:14:23,290152,Konoha Konoha Konoha Kohano
andy-holmes-1331088-unsplash,jpg,2021-07-08 09:14:17,383510,Konoha Konoha Konoha Kohano
"flat,800x800,075,f.u2",jpg,2021-07-08 09:13:34,92415,Konoha Konoha Konoha Kohano
stian-vesterinen-1336765-unsplash,jpg,2021-07-08 09:14:23,729148,Konoha Konoha Konoha Kohano
bruce-mars-8YG31Xn4dSw-unsplash,jpg,2021-07-08 09:13:47,139030,Konoha Konoha Konoha Kohano
marissa-lewis-1277871-unsplash,jpg,2021-07-08 09:14:20,412009,Konoha Konoha Konoha Kohano
clay-banks-1336458-unsplash,jpg,2021-07-08 09:15:22,163903,Konoha Konoha Konoha Kohano
joshua-fuller-625456-unsplash,jpg,2021-07-08 09:14:00,61752,Konoha Konoha Konoha Kohano
israel-sundseth-djWfjBv3jTc-unsplash,jpg,2021-07-08 09:15:49,279144,Konoha Konoha Konoha Kohano
christopher-rusev-1326326-unsplash,jpg,2021-07-08 09:14:22,385189,Konoha Konoha Konoha Kohano
everton-vila-AsahNlC0VhQ-unsplash,jpg,2021-07-08 09:15:28,153317,Konoha Konoha Konoha Kohano
julia-solonina-1331853-unsplash,jpg,2021-07-08 09:14:30,547036,Konoha Konoha Konoha Kohano
katie-moum-1296754-unsplash,jpg,2021-07-08 09:14:21,263744,Konoha Konoha Konoha Kohano
mat-reding-1276669-unsplash,jpg,2021-07-08 09:15:35,266945,Konoha Konoha Konoha Kohano
max-langelott-wWQ760meyWI-unsplash,jpg,2021-07-08 09:14:28,469085,Konoha Konoha Konoha Kohano
will-suddreth-1327141-unsplash,jpg,2021-07-08 09:15:19,289484,Konoha Konoha Konoha Kohano
801x410_sitesdefaultfiles20180411333442gettyimages-622946210,jpg,2021-06-07 14:13:30,166152,Konoha Konoha Konoha Kohano
luiz-guimaraes-1278285-unsplash,jpg,2021-07-08 09:16:47,568027,Konoha Konoha Konoha Kohano
michael-humphries-786327-unsplash,jpg,2021-07-08 09:15:44,497132,Konoha Konoha Konoha Kohano
phpHekLHk,jpg,2021-06-07 14:13:33,201637,Konoha Konoha Konoha Kohano
lerone-pieters-1336293-unsplash,jpg,2021-07-08 09:14:24,397351,Konoha Konoha Konoha Kohano
samuel-zeller-VK284NKoAVU-unsplash,jpg,2021-07-08 09:15:44,201994,Konoha Konoha Konoha Kohano
cover-r4x3w1000-5ac74d576d526-000-12r1qp,jpg,2021-06-07 14:13:34,321329,Konoha Konoha Konoha Kohano
timothy-tan-1278283-unsplash,jpg,2021-07-08 09:14:27,695145,Konoha Konoha Konoha Kohano
backgroundA-hd,jpg,2021-07-08 09:17:22,556730,Konoha Konoha Konoha Kohano
paulmayweather.0,jpg,2021-06-07 14:13:34,378001,Konoha Konoha Konoha Kohano
wellesley-yan-1332910-unsplash,jpg,2021-07-08 09:16:33,610742,Konoha Konoha Konoha Kohano
matej-kemr-1332474-unsplash,jpg,2021-07-08 09:15:37,397494,Konoha Konoha Konoha Kohano
nourdine-diouane-225316-unsplash,jpg,2021-07-08 09:14:28,702149,Konoha Konoha Konoha Kohano
john-schnobrich-520023-unsplash,jpg,2021-07-08 09:17:02,367308,Konoha Konoha Konoha Kohano
33703352538_2c939038e9_o,jpg,2021-07-08 09:14:27,298123,Konoha Konoha Konoha Kohano
andy-holmes-1331088-unsplash,jpg,2021-07-08 09:16:02,383510,Konoha Konoha Konoha Kohano
darcey-beau-1278354-unsplash,jpg,2021-07-08 09:15:38,708257,Konoha Konoha Konoha Kohano
formations,jpg,2021-07-08 09:15:52,290152,Konoha Konoha Konoha Kohano
backgroundB-hd,jpg,2021-07-08 09:17:24,222129,Konoha Konoha Konoha Kohano
bruce-mars-8YG31Xn4dSw-unsplash,jpg,2021-07-08 09:15:22,139030,Konoha Konoha Konoha Kohano
marissa-lewis-1277871-unsplash,jpg,2021-07-08 09:16:06,412009,Konoha Konoha Konoha Kohano
sunyu-kim-769697-unsplash,jpg,2021-07-08 09:16:31,376764,Konoha Konoha Konoha Kohano
"flat,800x800,075,f.u2",jpg,2021-07-08 09:15:04,92415,Konoha Konoha Konoha Kohano
stian-vesterinen-1336765-unsplash,jpg,2021-07-08 09:16:01,729148,Konoha Konoha Konoha Kohano
julia-solonina-1331853-unsplash,jpg,2021-07-08 09:16:13,547036,Konoha Konoha Konoha Kohano
nourdine-diouane-225316-unsplash,jpg,2021-07-08 09:16:07,702149,Konoha Konoha Konoha Kohano
wellesley-yan-1332910-unsplash,jpg,2021-07-08 09:17:17,610742,Konoha Konoha Konoha Kohano
joshua-fuller-625456-unsplash,jpg,2021-07-08 09:15:34,61752,Konoha Konoha Konoha Kohano
sunyu-kim-769697-unsplash,jpg,2021-07-08 09:17:21,376764,Konoha Konoha Konoha Kohano
luiz-guimaraes-1278285-unsplash,jpg,2021-07-08 09:17:26,568027,Konoha Konoha Konoha Kohano
max-langelott-wWQ760meyWI-unsplash,jpg,2021-07-08 09:16:08,469085,Konoha Konoha Konoha Kohano
christopher-rusev-1326326-unsplash,jpg,2021-07-08 09:16:00,385189,Konoha Konoha Konoha Kohano
darcey-beau-1278354-unsplash,jpg,2021-07-08 09:17:08,708257,Konoha Konoha Konoha Kohano
33703352538_2c939038e9_o,jpg,2021-07-08 09:16:06,298123,Konoha Konoha Konoha Kohano
timothy-tan-1278283-unsplash,jpg,2021-07-08 09:16:06,695145,Konoha Konoha Konoha Kohano
lerone-pieters-1336293-unsplash,jpg,2021-07-08 09:15:52,397351,Konoha Konoha Konoha Kohano
katie-moum-1296754-unsplash,jpg,2021-07-08 09:16:04,263744,Konoha Konoha Konoha Kohano
"flat,800x800,075,f.u2",jpg,2021-07-05 12:28:44,92415,Konoha Konoha Konoha Kohano
bruce-mars-8YG31Xn4dSw-unsplash,jpg,2021-07-05 12:30:25,139030,Konoha Konoha Konoha Kohano
clay-banks-1336458-unsplash,jpg,2021-07-05 12:30:27,163903,Konoha Konoha Konoha Kohano
israel-sundseth-djWfjBv3jTc-unsplash,jpg,2021-07-05 12:31:20,279144,Konoha Konoha Konoha Kohano
everton-vila-AsahNlC0VhQ-unsplash,jpg,2021-07-05 12:31:17,153317,Konoha Konoha Konoha Kohano
mat-reding-1276669-unsplash,jpg,2021-07-05 12:31:19,266945,Konoha Konoha Konoha Kohano
will-suddreth-1327141-unsplash,jpg,2021-07-05 12:29:53,289484,Konoha Konoha Konoha Kohano
33703352538_2c939038e9_o,jpg,2021-07-05 12:31:29,298123,Konoha Konoha Konoha Kohano
backgroundA-hd,jpg,2021-07-05 12:32:41,556730,Konoha Konoha Konoha Kohano
darcey-beau-1278354-unsplash,jpg,2021-07-05 12:32:25,708257,Konoha Konoha Konoha Kohano
michael-humphries-786327-unsplash,jpg,2021-07-05 12:31:21,497132,Konoha Konoha Konoha Kohano
nourdine-diouane-225316-unsplash,jpg,2021-07-05 12:31:44,702149,Konoha Konoha Konoha Kohano
matej-kemr-1332474-unsplash,jpg,2021-07-05 12:31:21,397494,Konoha Konoha Konoha Kohano
stian-vesterinen-1336765-unsplash,jpg,2021-07-05 12:31:36,729148,Konoha Konoha Konoha Kohano
backgroundB-hd,jpg,2021-07-05 12:32:48,222129,Konoha Konoha Konoha Kohano
andy-holmes-1331088-unsplash,jpg,2021-07-05 12:31:36,383510,Konoha Konoha Konoha Kohano
formations,jpg,2021-07-05 12:31:37,290152,Konoha Konoha Konoha Kohano
julia-solonina-1331853-unsplash,jpg,2021-07-05 12:31:43,547036,Konoha Konoha Konoha Kohano
sunyu-kim-769697-unsplash,jpg,2021-07-05 12:32:48,376764,Konoha Konoha Konoha Kohano
joshua-fuller-625456-unsplash,jpg,2021-07-05 12:31:21,61752,Konoha Konoha Konoha Kohano
wellesley-yan-1332910-unsplash,jpg,2021-07-05 12:32:41,610742,Konoha Konoha Konoha Kohano
max-langelott-wWQ760meyWI-unsplash,jpg,2021-07-05 12:31:46,469085,Konoha Konoha Konoha Kohano
timothy-tan-1278283-unsplash,jpg,2021-07-05 12:31:39,695145,Konoha Konoha Konoha Kohano
luiz-guimaraes-1278285-unsplash,jpg,2021-07-05 12:32:47,568027,Konoha Konoha Konoha Kohano
john-schnobrich-520023-unsplash,jpg,2021-07-05 12:32:34,367308,Konoha Konoha Konoha Kohano
lerone-pieters-1336293-unsplash,jpg,2021-07-05 12:31:40,397351,Konoha Konoha Konoha Kohano
borne_murale,jpg,2019-10-16 08:30:38,155836,Mon Slideshow
ecran,jpg,2019-10-16 08:31:11,243455,Mon Slideshow
bruce-mars-8YG31Xn4dSw-unsplash,jpg,2021-07-05 12:11:40,139030,Short Images
"flat,800x800,075,f.u2",jpg,2021-07-05 12:10:26,92415,Short Images
clay-banks-1336458-unsplash,jpg,2021-07-05 12:10:36,163903,Short Images
israel-sundseth-djWfjBv3jTc-unsplash,jpg,2021-07-05 12:11:55,279144,Short Images
marissa-lewis-1277871-unsplash,jpg,2021-07-05 12:12:14,412009,Short Images
everton-vila-AsahNlC0VhQ-unsplash,jpg,2021-07-05 12:11:51,153317,Short Images
wellesley-yan-1332910-unsplash,jpg,2021-07-05 12:13:19,610742,Short Images
mat-reding-1276669-unsplash,jpg,2021-07-05 12:11:56,266945,Short Images
christopher-rusev-1326326-unsplash,jpg,2021-07-05 12:12:19,385189,Short Images
will-suddreth-1327141-unsplash,jpg,2021-07-05 12:11:40,289484,Short Images
nourdine-diouane-225316-unsplash,jpg,2021-07-05 12:12:24,702149,Short Images
john-schnobrich-520023-unsplash,jpg,2021-07-05 12:13:09,367308,Short Images
33703352538_2c939038e9_o,jpg,2021-07-05 12:12:17,298123,Short Images
michael-humphries-786327-unsplash,jpg,2021-07-05 12:12:07,497132,Short Images
luiz-guimaraes-1278285-unsplash,jpg,2021-07-05 12:13:23,568027,Short Images
backgroundA-hd,jpg,2021-07-05 12:13:21,556730,Short Images
timothy-tan-1278283-unsplash,jpg,2021-07-05 12:12:23,695145,Short Images
formations,jpg,2021-07-05 12:12:05,290152,Short Images
lerone-pieters-1336293-unsplash,jpg,2021-07-05 12:12:04,397351,Short Images
samuel-zeller-VK284NKoAVU-unsplash,jpg,2021-07-05 12:11:53,201994,Short Images
darcey-beau-1278354-unsplash,jpg,2021-07-05 12:13:12,708257,Short Images
backgroundB-hd,jpg,2021-07-05 12:13:22,222129,Short Images
andy-holmes-1331088-unsplash,jpg,2021-07-05 12:12:15,383510,Short Images
matej-kemr-1332474-unsplash,jpg,2021-07-05 12:11:59,397494,Short Images
stian-vesterinen-1336765-unsplash,jpg,2021-07-05 12:12:19,729148,Short Images
julia-solonina-1331853-unsplash,jpg,2021-07-05 12:12:24,547036,Short Images
katie-moum-1296754-unsplash,jpg,2021-07-05 12:12:14,263744,Short Images
sunyu-kim-769697-unsplash,jpg,2021-07-05 12:13:13,376764,Short Images
clay-banks-1336458-unsplash,jpg,2021-07-05 13:10:47,163903,SlideShow
marissa-lewis-1277871-unsplash,jpg,2021-07-05 13:11:28,412009,SlideShow
katie-moum-1296754-unsplash,jpg,2021-07-05 13:11:22,263744,SlideShow
israel-sundseth-djWfjBv3jTc-unsplash,jpg,2021-07-05 13:11:06,279144,SlideShow
nourdine-diouane-225316-unsplash,jpg,2021-07-05 13:11:35,702149,SlideShow
mat-reding-1276669-unsplash,jpg,2021-07-05 13:11:02,266945,SlideShow
joshua-fuller-625456-unsplash,jpg,2021-07-05 13:11:04,61752,SlideShow
everton-vila-AsahNlC0VhQ-unsplash,jpg,2021-07-05 13:11:09,153317,SlideShow
julia-solonina-1331853-unsplash,jpg,2021-07-05 13:11:38,547036,SlideShow
will-suddreth-1327141-unsplash,jpg,2021-07-05 13:10:50,289484,SlideShow
wellesley-yan-1332910-unsplash,jpg,2021-07-05 13:15:46,610742,SlideShow
john-schnobrich-520023-unsplash,jpg,2021-07-05 13:15:00,367308,SlideShow
lerone-pieters-1336293-unsplash,jpg,2021-07-05 13:11:28,397351,SlideShow
backgroundA-hd,jpg,2021-07-05 13:15:34,556730,SlideShow
christopher-rusev-1326326-unsplash,jpg,2021-07-05 13:11:20,385189,SlideShow
michael-humphries-786327-unsplash,jpg,2021-07-05 13:11:13,497132,SlideShow
luiz-guimaraes-1278285-unsplash,jpg,2021-07-05 13:15:52,568027,SlideShow
matej-kemr-1332474-unsplash,jpg,2021-07-05 13:11:14,397494,SlideShow
timothy-tan-1278283-unsplash,jpg,2021-07-05 13:11:36,695145,SlideShow
andy-holmes-1331088-unsplash,jpg,2021-07-05 13:11:25,383510,SlideShow
darcey-beau-1278354-unsplash,jpg,2021-07-05 13:15:06,708257,SlideShow
samuel-zeller-VK284NKoAVU-unsplash,jpg,2021-07-05 13:11:12,201994,SlideShow
33703352538_2c939038e9_o,jpg,2021-07-05 13:11:34,298123,SlideShow
backgroundB-hd,jpg,2021-07-05 13:15:39,222129,SlideShow
formations,jpg,2021-07-05 13:11:31,290152,SlideShow
sunyu-kim-769697-unsplash,jpg,2021-07-05 13:15:47,376764,SlideShow
bruce-mars-8YG31Xn4dSw-unsplash,jpg,2021-07-05 13:10:51,139030,SlideShow
stian-vesterinen-1336765-unsplash,jpg,2021-07-05 13:11:35,729148,SlideShow
katie-moum-1296754-unsplash,jpg,2019-03-28 09:49:35,263744,SlideShow
"flat,800x800,075,f.u2",jpg,2021-07-05 13:10:08,92415,SlideShow
israel-sundseth-djWfjBv3jTc-unsplash,jpg,2021-07-08 10:41:04,279144,Stronger
clay-banks-1336458-unsplash,jpg,2021-07-08 10:40:34,163903,Stronger
"flat,800x800,075,f.u2",jpg,2021-07-08 10:39:32,92415,Stronger
mat-reding-1276669-unsplash,jpg,2021-07-08 10:40:49,266945,Stronger
everton-vila-AsahNlC0VhQ-unsplash,jpg,2021-07-08 10:41:01,153317,Stronger
will-suddreth-1327141-unsplash,jpg,2021-07-08 10:40:36,289484,Stronger
michael-humphries-786327-unsplash,jpg,2021-07-08 10:41:07,497132,Stronger
john-schnobrich-520023-unsplash,jpg,2021-07-08 10:42:40,367308,Stronger
formations,jpg,2021-07-08 10:41:36,290152,Stronger
samuel-zeller-VK284NKoAVU-unsplash,jpg,2021-07-08 10:41:22,201994,Stronger
katie-moum-1296754-unsplash,jpg,2021-07-08 10:41:39,263744,Stronger
stian-vesterinen-1336765-unsplash,jpg,2021-07-08 10:41:44,729148,Stronger
backgroundA-hd,jpg,2021-07-08 10:42:52,556730,Stronger
bruce-mars-8YG31Xn4dSw-unsplash,jpg,2021-07-08 10:40:40,139030,Stronger
matej-kemr-1332474-unsplash,jpg,2021-07-08 10:41:16,397494,Stronger
backgroundB-hd,jpg,2021-07-08 10:42:55,222129,Stronger
joshua-fuller-625456-unsplash,jpg,2021-07-08 10:41:00,61752,Stronger
julia-solonina-1331853-unsplash,jpg,2021-07-08 10:41:56,547036,Stronger
sunyu-kim-769697-unsplash,jpg,2021-07-08 10:42:47,376764,Stronger
christopher-rusev-1326326-unsplash,jpg,2021-07-08 10:41:34,385189,Stronger
lerone-pieters-1336293-unsplash,jpg,2021-07-08 10:41:41,397351,Stronger
marissa-lewis-1277871-unsplash,jpg,2021-07-08 10:41:50,412009,Stronger
nourdine-diouane-225316-unsplash,jpg,2021-07-08 10:41:49,702149,Stronger
"flat,800x800,075,f.u2",jpg,2021-07-05 13:34:11,92415,Stronger
wellesley-yan-1332910-unsplash,jpg,2021-07-08 10:42:52,610742,Stronger
bruce-mars-8YG31Xn4dSw-unsplash,jpg,2021-07-05 13:34:22,139030,Stronger
darcey-beau-1278354-unsplash,jpg,2021-07-08 10:42:34,708257,Stronger
clay-banks-1336458-unsplash,jpg,2021-07-05 13:34:24,163903,Stronger
timothy-tan-1278283-unsplash,jpg,2021-07-08 10:41:51,695145,Stronger
luiz-guimaraes-1278285-unsplash,jpg,2021-07-08 10:42:55,568027,Stronger
israel-sundseth-djWfjBv3jTc-unsplash,jpg,2021-07-05 13:34:50,279144,Stronger
33703352538_2c939038e9_o,jpg,2021-07-08 10:41:43,298123,Stronger
mat-reding-1276669-unsplash,jpg,2021-07-05 13:34:40,266945,Stronger
everton-vila-AsahNlC0VhQ-unsplash,jpg,2021-07-05 13:34:39,153317,Stronger
andy-holmes-1331088-unsplash,jpg,2021-07-08 10:41:36,383510,Stronger
john-schnobrich-520023-unsplash,jpg,2021-07-05 13:36:01,367308,Stronger
lerone-pieters-1336293-unsplash,jpg,2021-07-05 13:35:01,708257,Stronger
stian-vesterinen-1336765-unsplash,jpg,2021-07-08 10:58:20,729148,Stronger
backgroundA-hd,jpg,2021-07-05 13:36:15,556730,Stronger
christopher-rusev-1326326-unsplash,jpg,2021-07-05 13:35:00,385189,Stronger
marissa-lewis-1277871-unsplash,jpg,2021-07-08 10:58:12,412009,Stronger
michael-humphries-786327-unsplash,jpg,2021-07-05 13:34:44,497132,Stronger
darcey-beau-1278354-unsplash,jpg,2021-07-05 13:36:00,708257,Stronger
nourdine-diouane-225316-unsplash,jpg,2021-07-08 10:58:15,702149,Stronger
matej-kemr-1332474-unsplash,jpg,2021-07-05 13:34:47,397494,Stronger
luiz-guimaraes-1278285-unsplash,jpg,2021-07-05 13:36:17,568027,Stronger
max-langelott-wWQ760meyWI-unsplash,jpg,2021-07-08 10:58:21,469085,Stronger
backgroundB-hd,jpg,2021-07-05 13:36:14,222129,Stronger
wellesley-yan-1332910-unsplash,jpg,2021-07-05 13:36:13,610742,Stronger
christopher-rusev-1326326-unsplash,jpg,2021-07-08 10:58:15,385189,Stronger
samuel-zeller-VK284NKoAVU-unsplash,jpg,2021-07-05 13:34:54,201994,Stronger
timothy-tan-1278283-unsplash,jpg,2021-07-05 13:35:15,695145,Stronger
katie-moum-1296754-unsplash,jpg,2021-07-08 10:58:13,263744,Stronger
andy-holmes-1331088-unsplash,jpg,2021-07-05 13:34:54,383510,Stronger
33703352538_2c939038e9_o,jpg,2021-07-05 13:35:05,298123,Stronger
33703352538_2c939038e9_o,jpg,2021-07-08 10:58:09,298123,Stronger
formations,jpg,2021-07-05 13:34:59,290152,Stronger
sunyu-kim-769697-unsplash,jpg,2021-07-05 13:36:08,376764,Stronger
"flat,800x800,075,f.u2",jpg,2021-07-08 11:55:08,92415,Stronger
stian-vesterinen-1336765-unsplash,jpg,2021-07-05 13:35:11,729148,Stronger
"flat,800x800,075,f.u2",jpg,2021-07-08 10:53:14,92415,Stronger
bruce-mars-8YG31Xn4dSw-unsplash,jpg,2021-07-08 11:55:23,139030,Stronger
julia-solonina-1331853-unsplash,jpg,2021-07-05 13:35:11,547036,Stronger
clay-banks-1336458-unsplash,jpg,2021-07-08 11:55:23,163903,Stronger
katie-moum-1296754-unsplash,jpg,2021-07-05 13:35:04,263744,Stronger
john-schnobrich-520023-unsplash,jpg,2021-07-08 10:58:56,367308,Stronger
joshua-fuller-625456-unsplash,jpg,2021-07-05 13:34:55,61752,Stronger
matej-kemr-1332474-unsplash,jpg,2021-07-08 10:57:58,397494,Stronger
israel-sundseth-djWfjBv3jTc-unsplash,jpg,2021-07-08 11:55:47,279144,Stronger
marissa-lewis-1277871-unsplash,jpg,2021-07-05 13:35:01,412009,Stronger
timothy-tan-1278283-unsplash,jpg,2021-07-08 10:58:22,695145,Stronger
everton-vila-AsahNlC0VhQ-unsplash,jpg,2021-07-08 11:55:30,153317,Stronger
nourdine-diouane-225316-unsplash,jpg,2021-07-05 13:35:15,702149,Stronger
andy-holmes-1331088-unsplash,jpg,2021-07-08 10:58:12,383510,Stronger
mat-reding-1276669-unsplash,jpg,2021-07-08 11:55:38,266945,Stronger
will-suddreth-1327141-unsplash,jpg,2021-07-05 13:34:21,289484,Stronger
max-langelott-wWQ760meyWI-unsplash,jpg,2021-07-05 13:35:11,469085,Stronger
julia-solonina-1331853-unsplash,jpg,2021-07-08 10:58:25,547036,Stronger
john-schnobrich-520023-unsplash,jpg,2021-07-08 11:56:42,367308,Stronger
darcey-beau-1278354-unsplash,jpg,2021-07-08 11:56:38,708257,Stronger
backgroundA-hd,jpg,2021-07-08 11:56:57,556730,Stronger
lerone-pieters-1336293-unsplash,jpg,2021-07-08 11:55:50,397351,Stronger
michael-humphries-786327-unsplash,jpg,2021-07-08 11:55:38,497132,Stronger
max-langelott-wWQ760meyWI-unsplash,jpg,2021-07-08 11:56:05,469085,Stronger
andy-holmes-1331088-unsplash,jpg,2021-07-08 11:55:54,383510,Stronger
joshua-fuller-625456-unsplash,jpg,2021-07-08 11:55:30,61752,Stronger
matej-kemr-1332474-unsplash,jpg,2021-07-08 11:55:47,397494,Stronger
luiz-guimaraes-1278285-unsplash,jpg,2021-07-08 11:57:03,568027,Stronger
formations,jpg,2021-07-08 11:55:47,290152,Stronger
33703352538_2c939038e9_o,jpg,2021-07-08 11:55:48,298123,Stronger
backgroundB-hd,jpg,2021-07-08 11:57:04,222129,Stronger
nourdine-diouane-225316-unsplash,jpg,2021-07-08 11:56:00,702149,Stronger
"flat,800x800,075,f.u2",jpg,2021-07-05 15:22:19,92415,Stronger
sunyu-kim-769697-unsplash,jpg,2021-07-08 11:57:02,376764,Stronger
israel-sundseth-djWfjBv3jTc-unsplash,jpg,2021-07-05 15:22:47,279144,Stronger
samuel-zeller-VK284NKoAVU-unsplash,jpg,2021-07-08 11:55:54,201994,Stronger
stian-vesterinen-1336765-unsplash,jpg,2021-07-08 11:56:01,729148,Stronger
bruce-mars-8YG31Xn4dSw-unsplash,jpg,2021-07-05 15:22:35,139030,Stronger
katie-moum-1296754-unsplash,jpg,2021-07-08 11:56:02,263744,Stronger
everton-vila-AsahNlC0VhQ-unsplash,jpg,2021-07-05 15:22:47,153317,Stronger
marissa-lewis-1277871-unsplash,jpg,2021-07-08 11:55:55,412009,Stronger
mat-reding-1276669-unsplash,jpg,2021-07-05 15:22:46,266945,Stronger
julia-solonina-1331853-unsplash,jpg,2021-07-08 11:56:07,547036,Stronger
wellesley-yan-1332910-unsplash,jpg,2021-07-08 11:57:00,610742,Stronger
clay-banks-1336458-unsplash,jpg,2021-07-05 15:22:26,163903,Stronger
timothy-tan-1278283-unsplash,jpg,2021-07-08 11:56:05,695145,Stronger
will-suddreth-1327141-unsplash,jpg,2021-07-08 11:55:23,289484,Stronger
christopher-rusev-1326326-unsplash,jpg,2021-07-08 11:55:41,385189,Stronger
john-schnobrich-520023-unsplash,jpg,2021-07-05 15:23:58,367308,Stronger
max-langelott-wWQ760meyWI-unsplash,jpg,2021-07-05 15:23:17,469085,Stronger
backgroundA-hd,jpg,2021-07-05 15:24:17,556730,Stronger
wellesley-yan-1332910-unsplash,jpg,2021-07-05 15:24:07,610742,Stronger
michael-humphries-786327-unsplash,jpg,2021-07-05 15:22:56,497132,Stronger
luiz-guimaraes-1278285-unsplash,jpg,2021-07-05 15:24:12,568027,Stronger
matej-kemr-1332474-unsplash,jpg,2021-07-05 15:23:01,397494,Stronger
lerone-pieters-1336293-unsplash,jpg,2021-07-05 15:23:12,397351,Stronger
formations,jpg,2021-07-05 15:23:08,290152,Stronger
darcey-beau-1278354-unsplash,jpg,2021-07-05 15:24:01,708257,Stronger
backgroundB-hd,jpg,2021-07-05 15:24:14,222129,Stronger
nourdine-diouane-225316-unsplash,jpg,2021-07-05 15:23:11,702149,Stronger
samuel-zeller-VK284NKoAVU-unsplash,jpg,2021-07-05 15:22:58,201994,Stronger
33703352538_2c939038e9_o,jpg,2021-07-05 15:22:55,298123,Stronger
andy-holmes-1331088-unsplash,jpg,2021-07-05 15:23:10,383510,Stronger
stian-vesterinen-1336765-unsplash,jpg,2021-07-05 15:23:17,729148,Stronger
marissa-lewis-1277871-unsplash,jpg,2021-07-05 15:23:06,412009,Stronger
julia-solonina-1331853-unsplash,jpg,2021-07-05 15:23:15,547036,Stronger
timothy-tan-1278283-unsplash,jpg,2021-07-05 15:23:15,695145,Stronger
sunyu-kim-769697-unsplash,jpg,2021-07-05 15:24:09,376764,Stronger
katie-moum-1296754-unsplash,jpg,2021-07-05 15:23:14,263744,Stronger
joshua-fuller-625456-unsplash,jpg,2021-07-05 15:22:50,61752,Stronger
will-suddreth-1327141-unsplash,jpg,2021-07-05 15:22:28,289484,Stronger
christopher-rusev-1326326-unsplash,jpg,2021-07-05 15:23:07,385189,Stronger
bruce-mars-8YG31Xn4dSw-unsplash,jpg,2021-07-08 08:57:42,139030,Stronger
"flat,800x800,075,f.u2",jpg,2021-07-08 08:56:52,92415,Stronger
clay-banks-1336458-unsplash,jpg,2021-07-08 08:57:01,163903,Stronger
israel-sundseth-djWfjBv3jTc-unsplash,jpg,2021-07-08 08:57:55,279144,Stronger
everton-vila-AsahNlC0VhQ-unsplash,jpg,2021-07-08 08:57:58,153317,Stronger
mat-reding-1276669-unsplash,jpg,2021-07-08 08:57:55,266945,Stronger
will-suddreth-1327141-unsplash,jpg,2021-07-08 08:57:37,289484,Stronger
samuel-zeller-VK284NKoAVU-unsplash,jpg,2021-07-08 08:58:06,201994,Stronger
matej-kemr-1332474-unsplash,jpg,2021-07-08 08:57:56,397494,Stronger
backgroundA-hd,jpg,2021-07-08 09:00:27,556730,Stronger
formations,jpg,2021-07-08 08:58:18,290152,Stronger
john-schnobrich-520023-unsplash,jpg,2021-07-08 08:59:44,367308,Stronger
katie-moum-1296754-unsplash,jpg,2021-07-08 08:58:19,263744,Stronger
stian-vesterinen-1336765-unsplash,jpg,2021-07-08 08:58:22,729148,Stronger
andy-holmes-1331088-unsplash,jpg,2021-07-08 08:58:08,383510,Stronger
michael-humphries-786327-unsplash,jpg,2021-07-08 08:58:03,497132,Stronger
marissa-lewis-1277871-unsplash,jpg,2021-07-08 08:58:21,412009,Stronger
julia-solonina-1331853-unsplash,jpg,2021-07-08 08:58:33,547036,Stronger
christopher-rusev-1326326-unsplash,jpg,2021-07-08 08:58:21,385189,Stronger
sunyu-kim-769697-unsplash,jpg,2021-07-08 09:00:28,376764,Stronger
joshua-fuller-625456-unsplash,jpg,2021-07-08 08:58:02,61752,Stronger
wellesley-yan-1332910-unsplash,jpg,2021-07-08 09:00:12,610742,Stronger
nourdine-diouane-225316-unsplash,jpg,2021-07-08 08:58:16,702149,Stronger
luiz-guimaraes-1278285-unsplash,jpg,2021-07-08 09:00:27,568027,Stronger
lerone-pieters-1336293-unsplash,jpg,2021-07-08 08:58:21,397351,Stronger
timothy-tan-1278283-unsplash,jpg,2021-07-08 08:58:29,695145,Stronger
darcey-beau-1278354-unsplash,jpg,2021-07-08 08:59:56,708257,Stronger
33703352538_2c939038e9_o,jpg,2021-07-08 08:58:23,298123,Stronger
backgroundB-hd,jpg,2021-07-08 09:00:25,222129,Stronger
clay-banks-1336458-unsplash,jpg,2021-07-08 09:20:31,163903,Stronger
israel-sundseth-djWfjBv3jTc-unsplash,jpg,2021-07-08 09:20:52,279144,Stronger
mat-reding-1276669-unsplash,jpg,2021-07-08 09:20:49,266945,Stronger
everton-vila-AsahNlC0VhQ-unsplash,jpg,2021-07-08 09:20:40,153317,Stronger
will-suddreth-1327141-unsplash,jpg,2021-07-08 09:20:30,289484,Stronger
john-schnobrich-520023-unsplash,jpg,2021-07-08 09:21:59,367308,Stronger
michael-humphries-786327-unsplash,jpg,2021-07-08 09:20:52,497132,Stronger
backgroundA-hd,jpg,2021-07-08 09:22:14,556730,Stronger
bruce-mars-8YG31Xn4dSw-unsplash,jpg,2021-07-05 12:13:59,139030,Stronger
backgroundB-hd,jpg,2021-07-08 09:22:16,222129,Stronger
samuel-zeller-VK284NKoAVU-unsplash,jpg,2021-07-05 12:14:01,201994,Stronger
matej-kemr-1332474-unsplash,jpg,2021-07-08 09:20:47,397494,Stronger
max-langelott-wWQ760meyWI-unsplash,jpg,2021-07-05 12:14:04,469085,Stronger
samuel-zeller-VK284NKoAVU-unsplash,jpg,2021-07-08 09:20:52,201994,Stronger
marissa-lewis-1277871-unsplash,jpg,2021-07-08 09:21:10,412009,Stronger
sunyu-kim-769697-unsplash,jpg,2021-07-08 09:22:13,376764,Stronger
"flat,800x800,075,f.u2",jpg,2021-07-08 09:20:18,92415,Stronger
stian-vesterinen-1336765-unsplash,jpg,2021-07-08 09:21:14,729148,Stronger
bruce-mars-8YG31Xn4dSw-unsplash,jpg,2021-07-08 09:20:33,139030,Stronger
formations,jpg,2021-07-08 09:21:09,290152,Stronger
katie-moum-1296754-unsplash,jpg,2021-07-08 09:20:53,263744,Stronger
julia-solonina-1331853-unsplash,jpg,2021-07-08 09:21:18,547036,Stronger
nourdine-diouane-225316-unsplash,jpg,2021-07-08 09:21:07,702149,Stronger
christopher-rusev-1326326-unsplash,jpg,2021-07-08 09:21:11,385189,Stronger
joshua-fuller-625456-unsplash,jpg,2021-07-08 09:20:44,61752,Stronger
wellesley-yan-1332910-unsplash,jpg,2021-07-08 09:22:06,610742,Stronger
max-langelott-wWQ760meyWI-unsplash,jpg,2021-07-08 09:21:15,469085,Stronger
luiz-guimaraes-1278285-unsplash,jpg,2021-07-08 09:22:09,568027,Stronger
lerone-pieters-1336293-unsplash,jpg,2021-07-08 09:21:06,397351,Stronger
timothy-tan-1278283-unsplash,jpg,2021-07-08 09:21:11,695145,Stronger
darcey-beau-1278354-unsplash,jpg,2021-07-08 09:22:03,708257,Stronger
33703352538_2c939038e9_o,jpg,2021-07-08 09:21:06,298123,Stronger
andy-holmes-1331088-unsplash,jpg,2021-07-08 09:21:09,383510,Stronger
"flat,800x800,075,f.u2",jpg,2021-07-05 12:51:25,92415,Stronger
bruce-mars-8YG31Xn4dSw-unsplash,jpg,2021-07-08 10:36:31,139030,Stronger
bruce-mars-8YG31Xn4dSw-unsplash,jpg,2021-07-05 12:52:33,139030,Stronger
"flat,800x800,075,f.u2",jpg,2021-07-08 10:36:20,92415,Stronger
clay-banks-1336458-unsplash,jpg,2021-07-08 10:36:28,163903,Stronger
clay-banks-1336458-unsplash,jpg,2021-07-05 12:51:31,163903,Stronger
mat-reding-1276669-unsplash,jpg,2021-07-05 12:53:24,266945,Stronger
israel-sundseth-djWfjBv3jTc-unsplash,jpg,2021-07-08 10:36:47,279144,Stronger
israel-sundseth-djWfjBv3jTc-unsplash,jpg,2021-07-05 12:53:29,279144,Stronger
mat-reding-1276669-unsplash,jpg,2021-07-08 10:36:49,266945,Stronger
everton-vila-AsahNlC0VhQ-unsplash,jpg,2021-07-05 12:53:20,153317,Stronger
everton-vila-AsahNlC0VhQ-unsplash,jpg,2021-07-08 10:36:51,153317,Stronger
will-suddreth-1327141-unsplash,jpg,2021-07-05 12:53:02,289484,Stronger
will-suddreth-1327141-unsplash,jpg,2021-07-08 10:36:34,289484,Stronger
michael-humphries-786327-unsplash,jpg,2021-07-05 12:53:22,497132,Stronger
john-schnobrich-520023-unsplash,jpg,2021-07-08 10:38:02,367308,Stronger
matej-kemr-1332474-unsplash,jpg,2021-07-05 12:53:27,397494,Stronger
michael-humphries-786327-unsplash,jpg,2021-07-08 10:36:45,497132,Stronger
marissa-lewis-1277871-unsplash,jpg,2021-07-05 12:53:37,412009,Stronger
backgroundA-hd,jpg,2021-07-08 10:38:12,556730,Stronger
lerone-pieters-1336293-unsplash,jpg,2021-07-05 12:53:38,397351,Stronger
matej-kemr-1332474-unsplash,jpg,2021-07-08 10:36:58,397494,Stronger
samuel-zeller-VK284NKoAVU-unsplash,jpg,2021-07-08 10:37:03,201994,Stronger
darcey-beau-1278354-unsplash,jpg,2021-07-08 10:37:55,708257,Stronger
andy-holmes-1331088-unsplash,jpg,2021-07-08 10:37:13,383510,Stronger
33703352538_2c939038e9_o,jpg,2021-07-08 10:37:11,298123,Stronger
formations,jpg,2021-07-08 10:36:59,290152,Stronger
stian-vesterinen-1336765-unsplash,jpg,2021-07-08 10:37:17,729148,Stronger
marissa-lewis-1277871-unsplash,jpg,2021-07-08 10:37:10,412009,Stronger
sunyu-kim-769697-unsplash,jpg,2021-07-08 10:38:12,376764,Stronger
katie-moum-1296754-unsplash,jpg,2021-07-08 10:37:01,263744,Stronger
joshua-fuller-625456-unsplash,jpg,2021-07-08 10:36:43,61752,Stronger
julia-solonina-1331853-unsplash,jpg,2021-07-08 10:37:20,547036,Stronger
max-langelott-wWQ760meyWI-unsplash,jpg,2021-07-08 10:37:14,469085,Stronger
wellesley-yan-1332910-unsplash,jpg,2021-07-08 10:38:15,610742,Stronger
christopher-rusev-1326326-unsplash,jpg,2021-07-08 10:37:05,385189,Stronger
nourdine-diouane-225316-unsplash,jpg,2021-07-08 10:37:15,702149,Stronger
timothy-tan-1278283-unsplash,jpg,2021-07-08 10:37:12,695145,Stronger
luiz-guimaraes-1278285-unsplash,jpg,2021-07-08 10:38:17,568027,Stronger
backgroundB-hd,jpg,2021-07-08 10:38:19,222129,Stronger
lerone-pieters-1336293-unsplash,jpg,2021-07-08 10:37:05,397351,Stronger
290x430,jpg,2020-10-22 12:40:04,438274,test
290x435,jpg,2020-10-22 12:40:04,417200,test
128x128,jpg,2020-10-22 12:40:40,323680,test
michael-humphries-786327-unsplash,jpg,2021-07-08 08:41:51,497132,test_album_mail
will-suddreth-1327141-unsplash,jpg,2021-07-08 08:40:07,289484,test_album_mail
128x128,jpg,2020-10-22 12:42:02,323680,test_album_mail
john-schnobrich-520023-unsplash,jpg,2021-07-08 08:43:22,367308,test_album_mail
290x435,jpg,2020-10-22 12:41:36,417200,test_album_mail
matej-kemr-1332474-unsplash,jpg,2021-07-08 08:41:42,397494,test_album_mail
andy-holmes-1331088-unsplash,jpg,2021-07-08 08:41:51,383510,test_album_mail
formations,jpg,2021-07-08 08:42:08,290152,test_album_mail
katie-moum-1296754-unsplash,jpg,2021-07-08 08:42:05,263744,test_album_mail
julia-solonina-1331853-unsplash,jpg,2021-07-08 08:42:19,547036,test_album_mail
stian-vesterinen-1336765-unsplash,jpg,2021-07-08 08:42:05,729148,test_album_mail
bruce-mars-8YG31Xn4dSw-unsplash,jpg,2021-07-08 08:40:05,139030,test_album_mail
nourdine-diouane-225316-unsplash,jpg,2021-07-08 08:42:01,702149,test_album_mail
"flat,800x800,075,f.u2",jpg,2021-07-08 08:37:43,92415,test_album_mail
israel-sundseth-djWfjBv3jTc-unsplash,jpg,2021-07-08 08:41:31,279144,test_album_mail
everton-vila-AsahNlC0VhQ-unsplash,jpg,2021-07-08 08:41:23,153317,test_album_mail
lerone-pieters-1336293-unsplash,jpg,2021-07-08 08:42:01,397351,test_album_mail
timothy-tan-1278283-unsplash,jpg,2021-07-08 08:42:14,695145,test_album_mail
clay-banks-1336458-unsplash,jpg,2021-07-08 08:40:06,163903,test_album_mail
darcey-beau-1278354-unsplash,jpg,2021-07-08 08:43:13,708257,test_album_mail
mat-reding-1276669-unsplash,jpg,2021-07-08 08:41:41,266945,test_album_mail
testc,jpg,2020-10-22 10:51:07,375184,Test_Video
samuel-zeller-VK284NKoAVU-unsplash,jpg,2022-03-21 09:36:40,201994,testA
"flat,800x800,075,f.u2",jpg,2021-07-08 09:01:52,92415,testA
clay-banks-1336458-unsplash,jpg,2021-07-08 09:03:03,163903,testA
israel-sundseth-djWfjBv3jTc-unsplash,jpg,2021-07-08 09:03:24,279144,testA
everton-vila-AsahNlC0VhQ-unsplash,jpg,2021-07-08 09:03:22,153317,testA
mat-reding-1276669-unsplash,jpg,2021-07-08 09:03:19,266945,testA
john-schnobrich-520023-unsplash,jpg,2021-07-08 09:05:12,367308,testA
michael-humphries-786327-unsplash,jpg,2021-07-08 09:03:25,497132,testA
will-suddreth-1327141-unsplash,jpg,2021-07-08 09:02:31,289484,testA
backgroundA-hd,jpg,2021-07-08 09:05:26,556730,testA
formations,jpg,2021-07-08 09:03:48,290152,testA
backgroundB-hd,jpg,2021-07-08 09:05:32,222129,testA
matej-kemr-1332474-unsplash,jpg,2021-07-08 09:03:21,397494,testA
nourdine-diouane-225316-unsplash,jpg,2021-07-08 09:03:44,702149,testA
bruce-mars-8YG31Xn4dSw-unsplash,jpg,2021-07-08 09:03:11,139030,testA
samuel-zeller-VK284NKoAVU-unsplash,jpg,2021-07-08 09:03:29,201994,testA
stian-vesterinen-1336765-unsplash,jpg,2021-07-08 09:03:52,729148,testA
sunyu-kim-769697-unsplash,jpg,2021-07-08 09:05:24,376764,testA
joshua-fuller-625456-unsplash,jpg,2021-07-08 09:03:37,61752,testA
katie-moum-1296754-unsplash,jpg,2021-07-08 09:03:49,263744,testA
julia-solonina-1331853-unsplash,jpg,2021-07-08 09:03:53,547036,testA
christopher-rusev-1326326-unsplash,jpg,2021-07-08 09:03:45,385189,testA
wellesley-yan-1332910-unsplash,jpg,2021-07-08 09:05:18,610742,testA
lerone-pieters-1336293-unsplash,jpg,2021-07-08 09:03:46,397351,testA
luiz-guimaraes-1278285-unsplash,jpg,2021-07-08 09:05:24,568027,testA
timothy-tan-1278283-unsplash,jpg,2021-07-08 09:03:48,695145,testA
darcey-beau-1278354-unsplash,jpg,2021-07-08 09:04:57,708257,testA
33703352538_2c939038e9_o,jpg,2021-07-08 09:03:51,298123,testA
andy-holmes-1331088-unsplash,jpg,2021-07-08 09:03:44,383510,testA
1chouette,jpg,2020-10-02 09:23:23,347012,testMail
1chouette,jpg,2020-10-02 09:25:38,347012,testMail
timothy-tan-1278283-unsplash,jpg,2019-03-07 11:16:00,695145,ThumbImage
testd,jpg,2020-10-22 12:37:16,375184,Unsplash
bruce-mars-8YG31Xn4dSw-unsplash,jpg,2021-07-08 09:33:17,139030,Unsplash
"flat,800x800,075,f.u2",jpg,2021-07-08 09:33:02,92415,Unsplash
clay-banks-1336458-unsplash,jpg,2021-07-08 09:33:13,163903,Unsplash
everton-vila-AsahNlC0VhQ-unsplash,jpg,2021-07-08 09:33:34,153317,Unsplash
israel-sundseth-djWfjBv3jTc-unsplash,jpg,2021-07-08 09:33:38,279144,Unsplash
mat-reding-1276669-unsplash,jpg,2021-07-08 09:33:22,266945,Unsplash
will-suddreth-1327141-unsplash,jpg,2021-07-08 09:33:14,289484,Unsplash
john-schnobrich-520023-unsplash,jpg,2021-07-08 09:34:47,367308,Unsplash
samuel-zeller-VK284NKoAVU-unsplash,jpg,2021-07-08 09:33:48,201994,Unsplash
michael-humphries-786327-unsplash,jpg,2021-07-08 09:33:40,497132,Unsplash
formations,jpg,2021-07-08 09:33:49,290152,Unsplash
backgroundB-hd,jpg,2021-07-08 09:34:56,222129,Unsplash
33703352538_2c939038e9_o,jpg,2021-07-08 09:33:47,298123,Unsplash
matej-kemr-1332474-unsplash,jpg,2021-07-08 09:33:42,397494,Unsplash
darcey-beau-1278354-unsplash,jpg,2021-07-08 09:34:39,708257,Unsplash
marissa-lewis-1277871-unsplash,jpg,2021-07-08 09:33:53,412009,Unsplash
stian-vesterinen-1336765-unsplash,jpg,2021-07-08 09:34:00,729148,Unsplash
sunyu-kim-769697-unsplash,jpg,2021-07-08 09:34:51,376764,Unsplash
andy-holmes-1331088-unsplash,jpg,2021-07-08 09:33:49,383510,Unsplash
max-langelott-wWQ760meyWI-unsplash,jpg,2021-07-08 09:33:55,469085,Unsplash
julia-solonina-1331853-unsplash,jpg,2021-07-08 09:34:00,547036,Unsplash
joshua-fuller-625456-unsplash,jpg,2021-07-08 09:33:35,61752,Unsplash
katie-moum-1296754-unsplash,jpg,2021-07-08 09:33:48,263744,Unsplash
nourdine-diouane-225316-unsplash,jpg,2021-07-08 09:33:56,702149,Unsplash
christopher-rusev-1326326-unsplash,jpg,2021-07-08 09:33:47,385189,Unsplash
lerone-pieters-1336293-unsplash,jpg,2021-07-08 09:33:40,397351,Unsplash
luiz-guimaraes-1278285-unsplash,jpg,2021-07-08 09:34:58,568027,Unsplash
wellesley-yan-1332910-unsplash,jpg,2021-07-08 09:34:53,610742,Unsplash
backgroundA-hd,jpg,2021-07-08 09:34:58,556730,Unsplash
timothy-tan-1278283-unsplash,jpg,2021-07-08 09:34:00,695145,Unsplash
max-langelott-wWQ760meyWI-unsplash,jpg,2021-07-08 09:30:22,469085,VNCGH
33703352538_2c939038e9_o,jpg,2021-07-08 09:30:21,298123,VNCGH
israel-sundseth-djWfjBv3jTc-unsplash,jpg,2021-07-08 09:30:19,279144,VNCGH
everton-vila-AsahNlC0VhQ-unsplash,jpg,2021-07-08 09:30:17,153317,VNCGH
samuel-zeller-VK284NKoAVU-unsplash,jpg,2021-07-08 09:30:19,201994,VNCGH
